PSize;PSize2;OD;OD2;F;C;L;L2;D;Conn
DN15;DN6;21.34;10.29;22;5;14;5.4;5.14;TH
DN15;DN8;21.34;13.72;22;5;14;8.0;7.72;TH
DN15;DN10;21.34;17.14;22;5;14;8.23;11.14;TH
DN20;DN6;26.67;10.29;27;6;16;5.4;5.14;TH
DN20;DN8;26.67;13.72;27;6;16;8.0;7.72;TH
DN20;DN10;26.67;17.14;27;6;16;8.23;11.14;TH
DN20;DN15;26.67;21.34;27;6;16;10.84;15.34;TH
DN25;DN6;33.4;10.29;35;6;19;5.4;5.14;TH
DN25;DN8;33.4;13.72;35;6;19;8.0;7.72;TH
DN25;DN10;33.4;17.14;35;6;19;8.23;11.14;TH
DN25;DN15;33.4;21.34;35;6;19;10.84;15.34;TH
DN25;DN20;33.4;26.67;35;6;19;11.24;20.67;TH
DN32;DN6;42.16;10.29;44.5;7;21;5.4;5.14;TH
DN32;DN8;42.16;13.72;44.5;7;21;8.0;7.72;TH
DN32;DN10;42.16;17.14;44.5;7;21;8.23;11.14;TH
DN32;DN15;42.16;21.34;44.5;7;21;10.84;15.34;TH
DN32;DN20;42.16;26.67;44.5;7;21;11.24;20.67;TH
DN32;DN25;42.16;33.4;44.5;7;21;13.75;27.4;TH
DN40;DN6;48.26;10.29;51;8;21;5.4;5.14;TH
DN40;DN8;48.26;13.72;51;8;21;8.0;7.72;TH
DN40;DN10;48.26;17.14;51;8;21;8.23;11.14;TH
DN40;DN15;48.26;21.34;51;8;21;10.84;15.34;TH
DN40;DN20;48.26;26.67;51;8;21;11.24;20.67;TH
DN40;DN25;48.26;33.4;51;8;21;13.75;27.4;TH
DN40;DN32;48.26;42.16;51;8;21;14.31;36.16;TH
DN50;DN6;60.32;10.29;63.5;9;22;5.4;5.14;TH
DN50;DN8;60.32;13.72;63.5;9;22;8.0;7.72;TH
DN50;DN10;60.32;17.14;63.5;9;22;8.23;11.14;TH
DN50;DN15;60.32;21.34;63.5;9;22;10.84;15.34;TH
DN50;DN20;60.32;26.67;63.5;9;22;11.24;20.67;TH
DN50;DN25;60.32;33.4;63.5;9;22;13.75;27.4;TH
DN50;DN32;60.32;42.16;63.5;9;22;14.31;36.16;TH
DN50;DN40;60.32;48.26;63.5;9;22;14.52;42.26;TH
DN65;DN6;73.02;10.29;76;10;27;5.4;5.14;TH
DN65;DN8;73.02;13.72;76;10;27;8.0;7.72;TH
DN65;DN10;73.02;17.14;76;10;27;8.23;11.14;TH
DN65;DN15;73.02;21.34;76;10;27;10.84;15.34;TH
DN65;DN20;73.02;26.67;76;10;27;11.24;20.67;TH
DN65;DN25;73.02;33.4;76;10;27;13.75;27.4;TH
DN65;DN32;73.02;42.16;76;10;27;14.31;36.16;TH
DN65;DN40;73.02;48.26;76;10;27;14.52;42.26;TH
DN65;DN50;73.02;60.32;76;10;27;15.14;54.32;TH
DN80;DN6;88.9;10.29;89;10;28;5.4;5.14;TH
DN80;DN8;88.9;13.72;89;10;28;8.0;7.72;TH
DN80;DN10;88.9;17.14;89;10;28;8.23;11.14;TH
DN80;DN15;88.9;21.34;89;10;28;10.84;15.34;TH
DN80;DN20;88.9;26.67;89;10;28;11.24;20.67;TH
DN80;DN25;88.9;33.4;89;10;28;13.75;27.4;TH
DN80;DN32;88.9;42.16;89;10;28;14.31;36.16;TH
DN80;DN40;88.9;48.26;89;10;28;14.52;42.26;TH
DN80;DN50;88.9;60.32;89;10;28;15.14;54.32;TH
DN80;DN65;88.9;73.02;89;10;28;23.11;67.02;TH
DN100;DN6;114.3;10.29;117.5;13;32;5.4;5.14;TH
DN100;DN8;114.3;13.72;117.5;13;32;8.0;7.72;TH
DN100;DN10;114.3;17.14;117.5;13;32;8.23;11.14;TH
DN100;DN15;114.3;21.34;117.5;13;32;10.84;15.34;TH
DN100;DN20;114.3;26.67;117.5;13;32;11.24;20.67;TH
DN100;DN25;114.3;33.4;117.5;13;32;13.75;27.4;TH
DN100;DN32;114.3;42.16;117.5;13;32;14.31;36.16;TH
DN100;DN40;114.3;48.26;117.5;13;32;14.52;42.26;TH
DN100;DN50;114.3;60.32;117.5;13;32;15.14;54.32;TH
DN100;DN65;114.3;73.02;117.5;13;32;23.11;67.02;TH
DN100;DN80;114.3;88.9;117.5;13;32;24.97;82.9;TH
