PSize;PSize2;OD;OD2;A;C;D;E;Conn
DN15;DN15;21.34;21.34;24.0;8.33;15.0;10.84;TH
DN20;DN20;26.67;26.67;25.5;8.66;20.2;11.24;TH
DN25;DN25;33.4;33.4;30.0;11.8;25.9;13.75;TH
DN32;DN25;42.16;33.4;33.5;10.92;34.3;14.31;TH
DN32;DN32;42.16;42.16;33.5;10.92;34.3;14.31;TH
DN40;DN32;48.26;42.16;39.5;13.87;40.1;14.52;TH
DN40;DN40;48.26;48.26;39.5;13.87;40.1;14.52;TH
DN50;DN25;60.32;33.4;43.0;15.84;51.7;15.14;TH
DN50;DN32;60.32;42.16;43.0;15.84;51.7;15.14;TH
DN50;DN40;60.32;48.26;43.0;15.84;51.7;15.14;TH
DN50;DN50;60.32;60.32;43.0;15.84;51.7;15.14;TH
DN65;DN25;73.02;33.4;46.0;17.49;61.2;23.11;TH
DN65;DN32;73.02;42.16;46.0;17.49;61.2;23.11;TH
DN65;DN40;73.02;48.26;46.0;17.49;61.2;23.11;TH
DN65;DN50;73.02;60.32;46.0;17.49;61.2;23.11;TH
DN65;DN65;73.02;73.02;46.0;17.49;61.2;23.11;TH
DN80;DN32;88.9;42.16;54.0;19.05;80.0;24.97;TH
DN80;DN40;88.9;48.26;54.0;19.05;80.0;24.97;TH
DN80;DN50;88.9;60.32;54.0;19.05;80.0;24.97;TH
DN80;DN80;88.9;88.9;54.0;19.05;80.0;24.97;TH
DN100;DN100;114.3;114.3;60.5;22.35;100.7;27.23;TH
DN100;DN40;114.3;48.26;60.5;22.35;100.7;27.23;TH
DN100;DN50;114.3;60.32;60.5;22.35;100.7;27.23;TH
DN20;DN15;26.67;21.34;25.5;8.66;20.2;11.24;TH
DN25;DN20;33.4;26.67;30.0;11.8;25.9;13.75;TH
DN25;DN15;33.4;21.34;30.0;11.8;25.9;13.75;TH
DN32;DN20;42.16;26.67;33.5;10.92;34.3;14.31;TH
DN32;DN15;42.16;21.34;33.5;10.92;34.3;14.31;TH
DN40;DN25;48.26;33.4;39.5;13.87;40.1;14.52;TH
DN40;DN20;48.26;26.67;39.5;13.87;40.1;14.52;TH
DN50;DN20;60.32;26.67;43.0;15.84;51.7;15.14;TH
DN50;DN15;60.32;21.34;43.0;15.84;51.7;15.14;TH
DN100;DN80;114.3;88.9;60.5;22.35;100.7;27.23;TH
