PSize;OD;BendAngle;A;C;D;E;G;Conn
DN15;21.34;90;38;12.33;15.0;27.16;15.5;TH
DN15;21.34;45;28;12.33;15.0;17.16;15.5;TH
DN20;26.67;90;44;14.66;20.2;32.76;17.9;TH
DN20;26.67;45;33;14.66;20.2;21.76;17.9;TH
DN25;33.4;90;51;14.3;25.9;37.25;18.05;TH
DN25;33.4;45;35;14.3;25.9;21.25;18.05;TH
DN32;42.16;90;60;16.42;34.3;45.69;20.35;TH
DN32;42.16;45;43;16.42;34.3;28.69;20.35;TH
DN40;48.26;90;64;17.87;40.1;49.48;21.95;TH
DN40;48.26;45;44;17.87;40.1;29.48;21.95;TH
DN50;60.32;90;83;20.84;51.7;67.86;25.15;TH
DN50;60.32;45;52;20.84;51.7;36.86;25.15;TH
DN65;73.02;90;95;23.99;61.2;71.89;29.9;TH
DN65;73.02;45;64;23.99;61.2;40.89;29.9;TH
DN80;88.9;90;106;28.55;80.0;81.03;33.0;TH
DN80;88.9;45;79;28.55;80.0;54.03;33.0;TH
DN100;114.3;90;114;18.85;100.7;86.77;25.65;TH
DN100;114.3;45;79;18.85;100.7;51.77;25.65;TH
