PSize;OD;thk;A;B;E;Ang;Conn
DN15;21.34;2.77;25.4;35.71;14.56;0;TH
DN20;26.67;2.87;26.98;43.65;15.74;0;TH
DN25;33.4;3.38;33.33;50.8;19.58;0;TH
DN32;42.16;3.56;33.33;65.08;19.02;0;TH
DN40;48.26;3.68;34.92;72.23;20.4;0;TH
DN50;60.32;3.91;38.1;88.1;22.96;0;TH
DN65;73.02;5.16;39.68;103.18;16.57;0;TH
DN80;88.9;5.49;44.45;122.23;19.48;0;TH
DN90;101.6;5.74;42.86;136.52;16.56;0;TH
DN100;114.3;6.02;47.62;151.6;20.39;0;TH
DN125;141.3;6.55;66.67;185.73;36.91;0;TH
DN150;168.27;7.11;69.85;219.07;38.47;0;TH
DN15;21.34;2.77;39.69;59.53;28.85;45;TH
DN20;26.67;2.87;48.42;69.85;37.18;45;TH
DN25;33.4;3.38;55.56;82.55;41.81;45;TH
DN32;42.16;3.56;74.61;97.63;60.3;45;TH
DN40;48.26;3.68;66.68;107.16;52.16;45;TH
DN50;60.32;3.91;80.17;138.11;65.03;45;TH
