PSize;PSizeBranch;OD;OD2;A;C;D;E;G;Conn
DN15;DN15;21.34;21.34;38;12.33;15.0;27.16;15.5;TH
DN20;DN15;26.67;21.34;44;14.66;20.2;32.76;17.9;TH
DN20;DN20;26.67;26.67;44;14.66;20.2;32.76;17.9;TH
DN25;DN15;33.4;21.34;51;14.3;25.9;37.25;18.05;TH
DN25;DN20;33.4;26.67;51;14.3;25.9;37.25;18.05;TH
DN25;DN25;33.4;33.4;51;14.3;25.9;37.25;18.05;TH
DN32;DN15;42.16;21.34;60;16.42;34.3;45.69;20.35;TH
DN32;DN20;42.16;26.67;60;16.42;34.3;45.69;20.35;TH
DN32;DN25;42.16;33.4;60;16.42;34.3;45.69;20.35;TH
DN32;DN32;42.16;42.16;60;16.42;34.3;45.69;20.35;TH
DN40;DN20;48.26;26.67;64;17.87;40.1;49.48;21.95;TH
DN40;DN25;48.26;33.4;64;17.87;40.1;49.48;21.95;TH
DN40;DN32;48.26;42.16;64;17.87;40.1;49.48;21.95;TH
DN40;DN40;48.26;48.26;64;17.87;40.1;49.48;21.95;TH
DN50;DN15;60.32;21.34;83;20.84;51.7;67.86;25.15;TH
DN50;DN20;60.32;26.67;83;20.84;51.7;67.86;25.15;TH
DN50;DN25;60.32;33.4;83;20.84;51.7;67.86;25.15;TH
DN50;DN32;60.32;42.16;83;20.84;51.7;67.86;25.15;TH
DN50;DN40;60.32;48.26;83;20.84;51.7;67.86;25.15;TH
DN50;DN50;60.32;60.32;83;20.84;51.7;67.86;25.15;TH
DN65;DN25;73.02;33.4;95;23.99;61.2;71.89;29.9;TH
DN65;DN32;73.02;42.16;95;23.99;61.2;71.89;29.9;TH
DN65;DN40;73.02;48.26;95;23.99;61.2;71.89;29.9;TH
DN65;DN50;73.02;60.32;95;23.99;61.2;71.89;29.9;TH
DN65;DN65;73.02;73.02;95;23.99;61.2;71.89;29.9;TH
DN80;DN32;88.9;42.16;106;28.55;80.0;81.03;33.0;TH
DN80;DN40;88.9;48.26;106;28.55;80.0;81.03;33.0;TH
DN80;DN50;88.9;60.32;106;28.55;80.0;81.03;33.0;TH
DN80;DN80;88.9;88.9;106;28.55;80.0;81.03;33.0;TH
DN100;DN100;114.3;114.3;114;18.85;100.7;86.77;25.65;TH
DN100;DN40;114.3;48.26;114;18.85;100.7;86.77;25.65;TH
DN100;DN50;114.3;60.32;114;18.85;100.7;86.77;25.65;TH
DN100;DN80;114.3;88.9;114;18.85;100.7;86.77;25.65;TH
