PSize;OD;Vtype;ODBody;H;E;Conn;E2;Conn2
DN6;10.29;Gate_SocketxThreaded;22.435;44.45;10;SW;5.4;TH
DN8;13.72;Gate_SocketxThreaded;27.58;44.45;10;SW;8;TH
DN10;17.14;Gate_SocketxThreaded;32.71;50.8;10;SW;8.23;TH
DN15;21.34;Gate_SocketxThreaded;39.01;63.5;10;SW;10.84;TH
DN20;26.67;Gate_SocketxThreaded;47.005;69.85;13;SW;11.24;TH
DN25;33.4;Gate_SocketxThreaded;57.1;101.6;13;SW;13.75;TH
DN40;48.26;Gate_SocketxThreaded;79.39;133.35;13;SW;14.52;TH
DN50;60.32;Gate_SocketxThreaded;97.48;152.4;16;SW;15.14;TH
DN80;88.9;Gate_SocketxThreaded;140.35;203.2;16;SW;24.97;TH
DN100;114.3;Gate_SocketxThreaded;178.45;228.6;19;SW;27.23;TH
